{
  "version": 1,
  "author": "Anonymous maker",
  "editor": "wokwi",
  "parts": [
    {
      "type": "board-pi-pico-w",
      "id": "pico",
      "top": -118.45,
      "left": 32.35,
      "attrs": { "env": "micropython-20231005-v1.21.0" }
    },
    {
      "type": "wokwi-hc-sr04",
      "id": "ultrasonic1",
      "top": -238.5,
      "left": -138.5,
      "attrs": { "distance": "257" }
    },
    {
      "type": "wokwi-buzzer",
      "id": "bz1",
      "top": -180,
      "left": -228.6,
      "attrs": { "volume": "0.1" }
    },
    { "type": "wokwi-dht22", "id": "dht1", "top": -268.5, "left": 167.4, "attrs": {} },
    { "type": "wokwi-led", "id": "led1", "top": -99.6, "left": -313, "attrs": { "color": "red" } },
    {
      "type": "wokwi-resistor",
      "id": "r1",
      "top": 33.6,
      "left": -317.35,
      "rotate": 90,
      "attrs": { "value": "300" }
    }
  ],
  "connections": [
    [ "ultrasonic1:TRIG", "pico:GP2", "blue", [ "v0" ] ],
    [ "ultrasonic1:ECHO", "pico:GP3", "cyan", [ "v0" ] ],
    [ "ultrasonic1:GND", "pico:GND.1", "black", [ "v0" ] ],
    [ "bz1:2", "pico:GP4", "red", [ "v0" ] ],
    [ "bz1:1", "pico:GND.2", "black", [ "v0" ] ],
    [ "dht1:GND", "pico:GND.8", "black", [ "v0" ] ],
    [ "dht1:SDA", "pico:GP5", "limegreen", [ "v0" ] ],
    [ "ultrasonic1:VCC", "pico:3V3_EN", "red", [ "v0" ] ],
    [ "dht1:VCC", "pico:3V3_EN", "orange", [ "v0" ] ],
    [ "led1:C", "pico:GP6", "yellow", [ "v0" ] ],
    [ "led1:A", "r1:1", "magenta", [ "v0" ] ],
    [ "r1:2", "pico:3V3", "magenta", [ "h0" ] ]
  ],
  "dependencies": {}
}